{
  "data" : {
    "lookups" : [
      "free-text",
      "keywords"
    ],
    "name" : "Status-Type",
    "lang" : "en",
    "exotic" : false,
    "id" : "Status-Type",
    "values" : [
      {
        "value" : "close ",
        "expressions" : [
          "close "
        ]
      },
      {
        "value" : "clothes",
        "expressions" : [
          "clothes"
        ]
      },
      {
        "value" : "hair",
        "expressions" : [
          "hair",
          "up do"
        ]
      },
      {
        "value" : "makeup",
        "expressions" : [
          "makeup"
        ]
      },
      {
        "value" : "open ",
        "expressions" : [
          "open "
        ]
      },
      {
        "value" : "outfit",
        "expressions" : [
          "attire",
          "clothes",
          "outfit"
        ]
      }
    ],
    "doc" : "User-defined entity",
    "builtin" : false
  }
}